,index,envComp,geo,gRMSD,valence,type,pdb,Binding_motif
0,104,CO1O6,oct,0.11357816691600546,0.41461557909872676,"Mineral,Protein","['1a0c', '1hv9', '1k1e', '1rrk', '1tu4', '1y6v', '2dds', '2j4j', '2qb7', '2vos', '2yye', '3az6', '3rgt', '3w45', '3zr9', '4a8i', '4a8l', '4a8n', '4a8r', '4g3p', '4g3q', '4g3s', '4g87', '4jka', '4ngk', '4ngl', '4ngo', '4tzb', '5ero', 'Heterogenite-0014459', 'Metakirchheimerite-0005993', 'Spherocobaltite-0000104']","63.0,187.0,333.0,359.0,500.0,510.0,554.0,602.0,734.0,770.0,977.0,1072.0,1150.0,1162.0,1212.0,1327.0,1407.0,1445.0,1480.0,1602.0"
1,241,CU1O2,lin,0.32910484651551397,0.08899438184514795,"Mineral,Protein","['3tyh', '4zk8', 'Cuprite-0007351', 'Delafossite-0000018']","552.0,1136.0"
2,242,CU1O2,trv,0.11927537627111215,0.5169914446547001,"Mineral,Protein","['3re7', '3tyh', '3x1e', '4zk8', 'Dioptase-0008642', 'Frankhawthorneite-0005433', 'Joteite-0019980', 'Lithidionite-0000464', 'Litidionite-0000464', 'Nissonite-0001329', 'Papagoite-0014616', 'Radovanite-0012037', 'Stranskiite-0010699', 'Tenorite-0011639', 'Trippkeite-0015655', 'Turanite-0005935', 'Urusovite-0012367', 'Wherryite-0005365', 'Wooldridgeite-0005593']","23.0,346.0,552.0,1136.0"
3,245,CU1O3,spv,0.21691645224082765,0.3193649261330305,"Mineral,Protein","['3tyh', 'Arthurite-0014708', 'Birchite-0004585', 'Cuprosklodowskite-0000461', 'Diaboleite-0005469', 'Kusachiite-0012142', 'Leningradite-0006144', 'Lithidionite-0000464', 'Litidionite-0000464', 'Marthozite-0005722', 'Ransomite-0000203']",552.0
4,246,CU1O3,tev,0.18961897885722603,0.4563030791042286,"Mineral,Protein","['3x1e', '3x1f', '4zk8', 'Campigliaite-0000866', 'Dioptase-0008642', 'Namibite-0002512', 'Scottyite-0010169']","315.0,1136.0"
5,248,CU1O4,pyv,0.15062614412550582,0.3059399691212025,"Mineral,Protein","['2fk3', '3tyh', '4zk8', 'Clinochalcomenite-0018480', 'Duftite-0020488', 'Johannite-0015685', 'Liroconite-0010249', 'Lithidionite-0000464', 'Litidionite-0000464', 'Mottramite-0005468', 'Namibite-0002512', 'Szenicsite-0014535', 'Trippkeite-0015655', 'Turanite-0005935', 'Vesignieite-0011973', 'Wherryite-0005365']","455.0,552.0,1231.0"
6,250,CU1O5,spy,0.10560073461636123,0.47797122665124253,"Mineral,Protein","['3wnj', '3x1f', '4zk8', 'Agaite-0019782', 'Chalcomenite-0019225', 'Khaidarkanite-0019201', 'Liroconite-0010249', 'Lithidionite-0000464', 'Litidionite-0000464', 'Papagoite-0014616', 'Radovanite-0012037', 'Scottyite-0010169', 'Sengierite-0012070', 'Spertiniite-0010212', 'Urusovite-0012367', 'Vandenbrandeite-0012336']",315.0
7,251,CU1O6,oct,0.148047150802572,0.5209582061275603,"Mineral,Protein","['2fk3', '3x1g', 'Ashburtonite-0001412', 'Aubertite-0009692', 'Caledonite-0006294', 'Callaghanite-0000388', 'Campigliaite-0000866', 'Chenite-0015326', 'Conichalcite-0010485', 'Deloryite-0012779', 'Dioptase-0008642', 'Frankhawthorneite-0005433', 'Guildite-0000661', 'Hentschelite-0010052', 'Housleyite-0017559', 'Iranite-0010340', 'Jacquesdietrichite-0007064', 'Khaidarkanite-0019201', 'Krohnkite-0009535', 'Leisingite-0005525', 'Linarite-0006293', 'Lindgrenite-0014795', 'Markascherite-0018649', 'Metazeunerite-0005833', 'Mottramite-0005468', 'Mushistonite-0013333', 'Namibite-0002512', 'Nissonite-0001329', 'Roubaultite-0010005', 'Rruffite-0018388', 'Szenicsite-0014535', 'Tenorite-0011639', 'Torbernite-0005830', 'Trippkeite-0015655', 'Turanite-0005935', 'Turquoise-0010612', 'Vesignieite-0011973', 'Volborthite-0018666', 'Wherryite-0005365', 'Zeunerite-0005831']","315.0,455.0"
8,256,CU1S2,trv,0.19835548109381224,0.13154454057646517,"Mineral,Protein","['1aqr', '1aqs', '1fvs', '1k0v', '1kqk', '1s6u', '1uux', '1uuy', '2b7j', '2c9p', '2xmw', '3kss', '3nt0', '4rkm', 'Aikinite-0009395', 'Bornite-0003822', 'Briartite-0014274', 'Catamarcaite-0006132', 'Chalcopyrite-0018622', 'Chalcostibite-0003673', 'Covellite-0015657', 'Cubanite-0001533', 'Digenite-0000082', 'Emplectite-0003674', 'Krupkaite-0014750', 'Miharaite-0012478', 'Stannite-0010546', 'Sulvanite-0000146']","76.0,101.0,331.0,520.0,565.0,575.0,583.0,644.0,1535.0"
9,258,CU1S3,tev,0.19988806391387678,0.18497104020436742,"Mineral,Protein","['3nt0', '3sbp', '3sbq', '3sbr', 'Bornite-0003822', 'Catamarcaite-0006132']","14.0,814.0"
10,259,CU1S3,tri,0.16665981540595276,0.16528093223740245,"Mineral,Protein","['1aqr', '1aqs', '1rju', '2xmt', '2xmv', '3sbp', '4dnr', '5fje', 'Covellite-0015657', 'Stromeyerite-0009855']","14.0,76.0,220.0,453.0,565.0,575.0,695.0"
11,261,CU1S4,tet,0.12790279347662653,0.4410412381369499,"Mineral,Protein","['2km0', '2lel', '3k7r', 'Aikinite-0009395', 'Bornite-0003822', 'Bournonite-0010713', 'Briartite-0014274', 'Carrollite-0013181', 'Catamarcaite-0006132', 'Chalcopyrite-0018622', 'Chalcostibite-0003673', 'Covellite-0015657', 'Cubanite-0001533', 'Cuproiridsite-0014173', 'Cuprokalininite-0018335', 'Daomanite-0019982', 'Emplectite-0003674', 'Gladite-0006075', 'Krupkaite-0014750', 'Lisiguangite-0011980', 'Miharaite-0012478', 'Seligmannite-0010715', 'Stannite-0010546', 'Sulvanite-0000146']","400.0,603.0"
12,499,FE1O2,trv,0.2260058144530691,0.3027655908546772,"Mineral,Protein","['1dyt', '1n1q', '1tko', '2fjc', '2jd7', '2wtl', '3bvf', '3bvi', '3bvk', '3bvl', '3cr9', '3egm', '3fmu', '3nte', '3odb', '3qb9', '3rgd', '4iwk', '4m32', '4mjy', '4toa', '4toc', '4toe', '4toh', '4xiy', '4zkh', '4zl5', '4zlw', '4zmc', '5d8p', '5d8y', 'Arthurite-0014708', 'Brunogeierite-0014558', 'Butlerite-0000232', 'Corkite-0014810', 'Danalite-0005895', 'Fibroferrite-0015680', 'Guildite-0000661', 'Hentschelite-0010052', 'Hydroniumjarosite-0008878', 'Ilmenite-0000925', 'Kamiokite-0010022', 'Natrojarosite-0020119', 'Ojuelaite-0014519', 'Ominelite-0004355', 'Parabutlerite-0012131', 'Paulkellerite-0001191', 'Penobsquisite-0005500', 'Plumbojarosite-0005207', 'Pseudolaueite-0000193', 'Rodalquilarite-0009361', 'Schafarzikite-0015656', 'Schoonerite-0000562', 'Stewartite-0000432', 'Strontio-orthojoaquinite-0014113', 'Ungemachite-0001035', 'Wilhelmkleinite-0011085']","15.0,22.0,72.0,134.0,189.0,283.0,397.0,405.0,627.0,910.0,932.0,1076.0,1174.0,1181.0,1209.0,1409.0,1451.0"
13,501,FE1O3,spv,0.18149839301400625,1.0713975297090559,"Mineral,Protein","['1sq3', '3fm6', '3qb9', '3rgd', '4isp', '4iwk', '4rc6', '4toa', '4toe', '4zkh', '4zkw', '4zkx', '4zl5', '4zlw', '5d8p', 'Strontio-orthojoaquinite-0014113']","15.0,313.0,397.0,479.0,1080.0,1174.0,1294.0,1301.0"
14,502,FE1O3,tev,0.1285714407814402,0.31853510855887673,"Mineral,Protein","['1si1', '2wtl', '3bvi', '3bvl', '3qb9', '4mdz', '4toa', '4toc', '4toe', '4zkh', '4zlw', '5d8p', 'Danalite-0005895', 'Segelerite-0000583']","15.0,189.0,301.0,397.0,405.0,910.0"
15,507,FE1O4,pyv,0.2235525060992545,0.46224058914451,"Mineral,Protein","['1oqu', '1qvs', '1sq3', '2jd8', '2o6a', '3e6s', '3fkg', '3fm6', '3rbc', '3wpm', '4isp', '4toe', '4toh', '4xiy', '4zl6', '4zlw', '5d8y', 'Beaverite-0014860', 'Brunogeierite-0014558', 'Calderite-0018998', 'Hyttsjoite-0001799', 'Jarosite-0014420', 'Magnetite-0007418', 'Natrojarosite-0020119', 'Nikischerite-0005826', 'Schwertmannite-0018670', 'Ungemachite-0001035']","15.0,22.0,74.0,189.0,313.0,434.0,910.0,958.0,1076.0,1409.0"
16,508,FE1O4,spl,0.161166723127568,0.33333718388580585,"Mineral,Protein","['3e6s', '4itw', '4toa', '4zkw', '4zkx', '4zl5', '4zl6', '5d8y', 'Gillespite-0000897', 'Paravauxite-0014737', 'Stewartite-0000432']","15.0,760.0,910.0,1301.0"
17,509,FE1O4,tet,0.3196645969535171,0.16360706808470327,"Mineral,Protein","['3bvi', '3egm', '4toc', 'Coulsonite-0015774', 'Kamiokite-0010022', 'Magnetite-0007418']",15.0
18,510,FE1O5,spy,0.16129391125039907,0.9750988370085792,"Mineral,Protein","['1kmp', '1oqu', '1qw0', '1sq3', '2o68', '4toe', '4zl5', '4zl6', '5d8y', 'Natrojarosite-0020119', 'Parabutlerite-0012131', 'Pseudolaueite-0000193', 'Ransomite-0000203', 'Schoonerite-0000562', 'Strunzite-0015670']","15.0,107.0,189.0,313.0,323.0,910.0,1274.0"
19,518,FE1O6,oct,0.1726886984582611,0.8259358516437827,"Mineral,Protein","['1oqu', '1qw0', '1sq3', '2ows', '2yjk', '3cmp', '3e6s', '3hwe', '3hwf', '3ks5', '3u0d', '3zwu', '4a9v', '4a9x', '4alf', '4amf', '4e1h', '4mcw', '4oyn', '4ykh', '4zjk', 'Amakinite-0011783', 'Anapaite-0012067', 'Arthurite-0014708', 'Bartelkeite-0019471', 'Beaverite-0014860', 'Bismutoferrite-0015576', 'Brunogeierite-0014558', 'Butlerite-0000232', 'Calderite-0018998', 'Carminite-0014520', 'Chapmanite-0015317', 'Corkite-0014810', 'Delafossite-0000018', 'Ferberite-0000231', 'Ferrocarpholite-0017757', 'Ferrotychite-0012463', 'Fibroferrite-0015680', 'Goethite-0010471', 'Goldichite-0000264', 'Guildite-0000661', 'Hedenbergite-0001861', 'Hematite-0000143', 'Hentschelite-0010052', 'Hydroniumjarosite-0008878', 'Hyttsjoite-0001799', 'Ilmenite-0000925', 'Jarosite-0014420', 'Kamiokite-0010022', 'Krausite-0001008', 'Laueite-0000140', 'Lepidocrocite-0011833', 'Magnetite-0007418', 'Mawbyite-0014531', 'Metakahlerite-0005992', 'Metasideronatrite-0005014', 'Natrojarosite-0020119', 'Nikischerite-0005826', 'Ojuelaite-0014519', 'Paulkellerite-0001191', 'Phosphophyllite-0000588', 'Phosphosiderite-0012325', 'Plumbojarosite-0005207', 'Radovanite-0012037', 'Rodalquilarite-0009361', 'Schafarzikite-0015656', 'Schoonerite-0000562', 'Schubnelite-0002221', 'Schwertmannite-0018670', 'Scorodite-0018660', 'Segelerite-0000583', 'Sewardite-0005788', 'Siderite-0000101', 'Sideronatrite-0020665', 'Stewartite-0000432', 'Stottite-0019858', 'Strengite-0012324', 'Ungemachite-0001035', 'Wilhelmkleinite-0011085', 'Wustite-0011314', 'Yavapaiite-0000295']","15.0,156.0,178.0,189.0,301.0,323.0,416.0,707.0,896.0,958.0"
20,524,FE1S2,trv,0.10449312278341623,0.3417860643852104,"Mineral,Protein","['1bcc', '1dox', '1doy', '1l0n', '1l6u', '1sqb', '1sqp', '4eia', '4rap', '4rb4', 'Arsenopyrite-0019195', 'Bornite-0003822', 'Cubanite-0001533', 'Djerfisherite-0006153', 'Erdite-0000785', 'Gudmundite-0000020', 'Marcasite-0000008', 'Miharaite-0012478', 'Picotpaulite-0011971', 'Pyrite-0000605', 'Rasvumite-0000782', 'Sternbergite-0014818', 'Troilite-0009769']","4.0,24.0,326.0,541.0"
21,526,FE1S3,tev,0.14583306592211787,0.6559740309043788,"Mineral,Protein","['1fp4', '1fxa', '1g20', '1g21', '1gt8', '1gth', '1h1l', '1m1y', '1m34', '1mio', '1n2c', '1ntk', '1ntz', '1qgu', '1qh1', '1qh8', '1sqb', '1sqp', '1sqq', '1su6', '1su7', '1su8', '1suf', '1tv7', '1tv8', '2ckj', '2fb2', '2fb3', '2fja', '2hre', '2min', '2o01', '2vdc', '2w54', '2w55', '2wsc', '2yiv', '3aeu', '3b51', '3b52', '3b53', '3i39', '3j16', '3k1a', '3ke9', '3lw5', '3min', '3mm7', '3mm8', '3mma', '3mmb', '3mmc', '3pdi', '3rf9', '4crm', '4eia', '4g9p', '4jy8', '4m7s', '4pl2', '4rap', '4rb4', '4rku', '4rtb', '4udx', '4udy', '4uhw', '4uhx', '4y28', '4yrw', '4ytz', 'Bornite-0003822', 'Miharaite-0012478', 'Rasvumite-0000782', 'Troilite-0009769']","4.0,7.0,24.0,59.0,75.0,80.0,81.0,124.0,211.0,254.0,326.0,440.0,541.0,551.0,765.0,856.0"
22,532,FE1S4,tet,0.1111851149015553,0.755154369038111,"Mineral,Protein","['1a6l', '1a70', '1aa6', '1ao0', '1aop', '1aor', '1awd', '1axq', '1ayf', '1b0j', '1b0k', '1b0m', '1b0p', '1b0t', '1b0v', '1b0y', '1b13', '1b25', '1b2j', '1b2o', '1b4n', '1b71', '1b9r', '1bc6', '1bd6', '1be3', '1bgy', '1blu', '1bq8', '1bq9', '1bqx', '1brf', '1bwe', '1c09', '1c4a', '1c4c', '1c96', '1c97', '1caa', '1cad', '1cc1', '1cje', '1czp', '1d3w', '1dax', '1de0', '1dfd', '1dfx', '1dgj', '1dj7', '1djn', '1djq', '1doi', '1dur', '1dvb', '1dxg', '1e08', '1e0z', '1e10', '1e1d', '1e2u', '1e3d', '1e6e', '1e7p', '1e9m', '1e9v', '1ea0', '1eg9', '1ep1', '1ep2', '1ep3', '1ewy', '1eyt', '1f2g', '1f37', '1f5b', '1f5c', '1fdi', '1fdn', '1fdo', '1feh', '1ff2', '1ffu', '1ffv', '1fgh', '1fhh', '1fhm', '1fiq', '1fo4', '1fp4', '1fp6', '1fqt', '1frd', '1frf', '1frh', '1fri', '1frj', '1frk', '1frl', '1frm', '1frv', '1frx', '1ftc', '1fxa', '1fxr', '1g1m', '1g20', '1g21', '1g3o', '1g5p', '1g6b', '1g8j', '1g8k', '1gao', '1gn9', '1gnl', '1gnt', '1gph', '1gt8', '1gte', '1gth', '1gx7', '1h0h', '1h1l', '1h2a', '1h2r', '1h7w', '1h7x', '1h98', '1hfe', '1hlq', '1hrk', '1hux', '1i7h', '1iqz', '1ir0', '1iro', '1iu5', '1iu6', '1iua', '1iue', '1j7a', '1j7b', '1j7c', '1jb0', '1jnr', '1jnz', '1jq4', '1jqk', '1jro', '1jrp', '1js2', '1jyb', '1k0t', '1kea', '1kek', '1kf6', '1kfy', '1kg2', '1kg3', '1kg4', '1kg5', '1kg6', '1kg7', '1kqf', '1kqg', '1kqj', '1krh', '1l0l', '1l0v', '1l5h', '1l5j', '1l5p', '1l6v', '1l9g', '1lkm', '1lko', '1lkp', '1llw', '1llz', '1lm1', '1m1n', '1m1y', '1m2a', '1m2b', '1m2d', '1m34', '1mio', '1mjg', '1mud', '1mun', '1muy', '1n2c', '1n5w', '1n5x', '1n60', '1n61', '1n62', '1n63', '1ndo', '1nip', '1noe', '1ntm', '1nu1', '1nyk', '1o7g', '1o7h', '1o7m', '1o7p', '1o7w', '1o94', '1o95', '1oa0', '1oa1', '1ofd', '1ofe', '1off', '1ogy', '1ohv', '1ohw', '1ohy', '1olt', '1oqq', '1oqr', '1p84', '1pc4', '1pc5', '1pdx', '1pfd', '1pp9', '1ppj', '1ps9', '1put', '1q16', '1q90', '1qgu', '1qh1', '1qh8', '1qlb', '1qoa', '1qob', '1qof', '1qog', '1qt9', '1r27', '1r30', '1r7s', '1rb9', '1rdv', '1rfk', '1rfs', '1rgv', '1rie', '1rm6', '1roe', '1rof', '1ru3', '1ryt', '1s2z', '1s30', '1sb3', '1sij', '1siw', '1siz', '1sj1', '1smm', '1smu', '1smw', '1sqv', '1sqx', '1su6', '1su7', '1su8', '1suf', '1t3q', '1t9o', '1t9p', '1t9q', '1tv7', '1tv8', '1ubh', '1ubj', '1ubk', '1ubl', '1ubm', '1ubo', '1ubr', '1ubt', '1ubu', '1ui0', '1ui1', '1uli', '1ulj', '1upx', '1uuv', '1uuw', '1uwm', '1uwv', '1v97', '1vck', '1vcx', '1vdv', '1vjw', '1vk2', '1vlb', '1vm9', '1vzi', '1w9m', '1wef', '1weg', '1wei', '1wql', '1wri', '1wtf', '1wuh', '1wui', '1wuj', '1wuk', '1wul', '1ww9', '1wyg', '1x0g', '1xcp', '1xd8', '1xd9', '1xdb', '1xer', '1xln', '1xlo', '1xlp', '1xlq', '1y4z', '1y5i', '1y5l', '1y5n', '1yfu', '1yfw', '1yfx', '1yji', '1yjj', '1yk4', '1yk5', '1yq3', '1yq4', '1yq9', '1yqw', '1yrq', '1yux', '1yuz', '1yv1', '1z01', '1z02', '1z03', '1zj8', '1zj9', '1zoy', '1zp0', '1zxi', '2a06', '2a5h', '2abk', '2afh', '2afi', '2akj', '2ams', '2aop', '2b1x', '2b24', '2b3x', '2b3y', '2b76', '2bcc', '2bh2', '2bmo', '2bmq', '2bmr', '2bs2', '2bs3', '2bs4', '2bt6', '2c3m', '2c3o', '2c3p', '2c3u', '2c3y', '2c42', '2ckf', '2ckj', '2d2c', '2d3y', '2de5', '2de6', '2de7', '2dsx', '2e1q', '2e3t', '2e4p', '2e4q', '2e7p', '2e7z', '2fb2', '2fb3', '2fbw', '2fgo', '2fja', '2fjb', '2fjd', '2fje', '2fla', '2frv', '2fug', '2fyn', '2fyu', '2g36', '2gbw', '2gbx', '2gep', '2gmh', '2gmj', '2goy', '2h88', '2h89', '2hmj', '2hmk', '2hml', '2hmm', '2hmn', '2hmo', '2hr5', '2hrc', '2hre', '2ht9', '2hu9', '2i7f', '2ibz', '2iv2', '2ivf', '2jh3', '2ji1', '2ji2', '2ji3', '2jim', '2jio', '2jip', '2jiq', '2jir', '2jqr', '2mh7', '2min', '2mjd', '2mje', '2nap', '2nip', '2nuk', '2num', '2nve', '2nvf', '2nvg', '2nwf', '2nya', '2pa8', '2pda', '2pia', '2pnj', '2po5', '2po7', '2pu9', '2puk', '2puo', '2pvd', '2pvg', '2pvo', '2pya', '2qd0', '2qd1', '2qd2', '2qd3', '2qd4', '2qd5', '2qh1', '2qh7', '2qjk', '2qjp', '2qjy', '2qpz', '2r13', '2rdv', '2tmd', '2uza', '2v2k', '2v3b', '2v3v', '2v45', '2v4j', '2vdc', '2vkr', '2vpw', '2vpx', '2vpy', '2vpz', '2vsf', '2w3r', '2w3s', '2w54', '2w55', '2waq', '2wb1', '2wci', '2wdq', '2wdr', '2wdv', '2wlb', '2wp9', '2wpn', '2wqy', '2ws3', '2wsc', '2wu2', '2wu5', '2wul', '2xdq', '2xr8', '2xrx', '2xsh', '2xsj', '2xso', '2y0f', '2y5c', '2y8n', '2yaj', '2ybb', '2yfi', '2yfj', '2yfl', '2yiu', '2yiv', '2ynm', '2z1d', '2zvs', '2zyl', '3a04', '3a05', '3a38', '3a39', '3ab5', '3aef', '3aek', '3aeq', '3aer', '3aes', '3aet', '3aeu', '3ah7', '3am9', '3amz', '3an1', '3aop', '3aqi', '3av8', '3ax7', '3ax9', '3ayx', '3ayz', '3azc', '3b0g', '3b0h', '3b0j', '3b0l', '3b0m', '3b0n', '3b2f', '3b2g', '3b51', '3b52', '3b53', '3b9j', '3bdj', '3bvq', '3c8f', '3c8y', '3cb8', '3cf4', '3cir', '3ciw', '3cix', '3crv', '3cur', '3cus', '3cwb', '3cx5', '3cxh', '3d89', '3dnf', '3dqy', '3egw', '3en1', '3etr', '3eub', '3eun', '3ew0', '3exy', '3f7t', '3fah', '3fc4', '3fnv', '3fou', '3fwy', '3gce', '3gcf', '3geo', '3git', '3gke', '3gkq', '3gl0', '3gl2', '3gyx', '3gzx', '3gzy', '3h1h', '3h1i', '3h1j', '3h1k', '3h1l', '3h31', '3h3x', '3hcn', '3hco', '3hcp', '3hcr', '3hip', '3hrd', '3hui', '3i39', '3i9v', '3iam', '3ias', '3iix', '3iiz', '3ir5', '3ir6', '3ir7', '3j16', '3k1a', '3k30', '3ke8', '3ke9', '3kef', '3kel', '3kem', '3kyu', '3kyv', '3kyx', '3kyy', '3l4p', '3l70', '3l71', '3l72', '3l73', '3l74', '3l75', '3l9q', '3lgb', '3lpq', '3lx4', '3lxf', '3lzd', '3m9s', '3min', '3ml1', '3mm5', '3mm6', '3mm7', '3mm8', '3mm9', '3mma', '3mmb', '3mmc', '3mps', '3myr', '3n0q', '3n5n', '3noy', '3nrz', '3ns1', '3nvv', '3nvw', '3nvy', '3nvz', '3o3m', '3o3n', '3o3o', '3o5a', '3or1', '3or2', '3p1m', '3p4p', '3p4q', '3p4r', '3p4s', '3p63', '3pcq', '3pdi', '3pni', '3pwf', '3pza', '3q36', '3qvd', '3ree', '3rf9', '3rfa', '3rhc', '3ryg', '3rz6', '3rzt', '3s2q', '3s2r', '3sfd', '3sfe', '3ss2', '3szl', '3szo', '3szu', '3t0f', '3t0g', '3t7v', '3tbm', '3tbn', '3tbo', '3u7q', '3una', '3unc', '3uni', '3uqy', '3urk', '3usc', '3use', '3utc', '3utd', '3uv3', '3uv6', '3uv7', '3vca', '3vcp', '3vkp', '3vkq', '3vkr', '3vks', '3vkt', '3vlx', '3vly', '3vlz', '3vm0', '3vm1', '3vmg', '3vmh', '3vmi', '3vr8', '3vyr', '3w1w', '3w5u', '3w5v', '3wcq', '3ze6', '3ze7', '3ze8', '3ze9', '3zea', '3zgl', '3zgn', '3zxs', '3zyv', '4a15', '4aay', '4aop', '4ar3', '4ar4', '4ar5', '4ar6', '4ayb', '4c3o', '4c7y', '4c7z', '4c80', '4ci0', '4d4o', '4d4p', '4dja', '4eb3', '4eht', '4ehu', '4emj', '4ezf', '4f1e', '4f28', '4f2c', '4f4d', '4fe1', '4fhc', '4fhd', '4fhe', '4fhf', '4fhg', '4fxc', '4g38', '4g39', '4g9p', '4gep', '4hea', '4hsl', '4hvo', '4id8', '4itk', '4iub', '4iuc', '4iud', '4jxc', '4jy8', '4jy9', '4jyd', '4jye', '4jyf', '4k36', '4k37', '4k38', '4k39', '4k9f', '4k9r', '4kl8', '4kla', '4klc', '4klr', '4kmm', '4kn9', '4ko1', '4ko2', '4ko3', '4ko4', '4kx6', '4l2n', '4ltu', '4m7s', '4m7t', '4mk4', '4mux', '4muy', '4mv0', '4mv5', '4n58', '4n59', '4n7b', '4nb8', '4nb9', '4nba', '4nbb', '4nbc', '4nbd', '4nbe', '4nbf', '4nbg', '4nbh', '4nd8', '4njg', '4njh', '4nji', '4njj', '4njk', '4ogq', '4omf', '4oo7', '4ooa', '4ov1', '4p1b', '4p1c', '4pkf', '4pl1', '4pl2', '4qck', '4qdc', '4qup', '4quq', '4qur', '4r0v', '4r33', '4r34', '4rap', '4ras', '4rb4', '4rh0', '4rh1', '4rku', '4rqo', '4rr2', '4rtb', '4s23', '4s25', '4s26', '4s27', '4s28', '4s38', '4s39', '4s3a', '4s3b', '4s3c', '4s3e', '4tku', '4tkv', '4tpu', '4ttt', '4u0o', '4u0p', '4u9h', '4u9i', '4ucq', '4ucw', '4ucx', '4ud2', '4ud6', '4udx', '4udy', '4ue2', '4ue6', '4ueq', '4uew', '4uhw', '4uhx', '4unf', '4uob', '4upe', '4upv', '4uq8', '4uql', '4uqp', '4uqu', '4ur0', '4ur1', '4ur2', '4ur3', '4urh', '4us8', '4us9', '4usa', '4wcx', '4wes', '4wn9', '4wqm', '4wza', '4wzb', '4x33', '4xdc', '4xdd', '4xk8', '4xpi', '4y0d', '4y0h', '4y28', '4ylf', '4yrw', '4yry', '4ysw', '4yty', '4ytz', '4z3w', '4z3x', '4z3y', '4z3z', '4z40', '4zbx', '4zby', '4zbz', '4zoh', '5a4f', '5a4i', '5a4m', '5aa5', '5adu', '5aop', '5aui', '5bvg', '5bvh', '5bwe', '5byq', '5byr', '5bys', '5c4i', '5cx1', '5d6s', '5dii', '5eaw', '5exd', '5exe', '5ffi', '5frt', '5gep', '5h8c', '5h8w', '5hl4', '6fd1', '6fdr', '6gep', '7fd1', '7fdr', '7gep', '8gep', 'Bornite-0003822', 'Briartite-0014274', 'Chalcopyrite-0018622', 'Cubanite-0001533', 'Djerfisherite-0006153', 'Erdite-0000785', 'Greigite-0000127', 'Lenaite-0006082', 'Miharaite-0012478', 'Picotpaulite-0011971', 'Rasvumite-0000782', 'Stannite-0010546', 'Sternbergite-0014818', 'Violarite-0001000']","4.0,7.0,15.0,16.0,20.0,24.0,34.0,48.0,51.0,58.0,59.0,75.0,80.0,81.0,99.0,106.0,110.0,111.0,124.0,147.0,148.0,159.0,162.0,166.0,167.0,182.0,191.0,211.0,221.0,222.0,230.0,231.0,233.0,237.0,247.0,254.0,279.0,280.0,326.0,355.0,384.0,394.0,435.0,440.0,468.0,472.0,478.0,486.0,501.0,527.0,530.0,541.0,647.0,696.0,717.0,724.0,765.0,768.0,785.0,792.0,794.0,820.0,824.0,840.0,843.0,846.0,856.0,877.0,880.0,905.0,921.0,1025.0,1026.0,1079.0,1096.0,1114.0,1115.0,1149.0,1175.0,1220.0,1237.0,1238.0,1262.0,1278.0,1298.0,1354.0,1415.0,1440.0,1457.0,1502.0,1509.0,1554.0,1574.0,1582.0"
23,665,MN1O2,lin,0.22557768976041725,0.3257851250631592,"Mineral,Protein","['2ano', '2id0', '3m8z', '3olx', '3shd', '4pst', '4wce', '4wf9', '4wfa', '4wfb', '4z73', 'Schoonerite-0000562', 'Stewartite-0000432']","82.0,219.0,295.0,484.0,499.0,637.0,885.0,1078.0,1085.0,1097.0,1111.0"
24,666,MN1O2,trv,0.21909408684525178,0.34630777923838135,"Mineral,Protein","['1cnz', '1e24', '1jdb', '1khw', '1l5g', '1lev', '1lgc', '1mr2', '1ut5', '1w47', '2a8p', '2boq', '2chr', '2e6c', '2glj', '2id0', '2onh', '2qvw', '2w69', '2woc', '3gbr', '3l7g', '3mwt', '3pif', '3psn', '3rl4', '3shd', '3uva', '3uxi', '4a25', '4e1d', '4g2c', '4gjj', '4nfw', '4wce', '4wf9', '4wfa', '4wfb', '4wyl', '4z73', '4zwp', '5a3n', 'Blythite-0008167', 'Helvine-0000973', 'Hennomartinite-0001769', 'Hyttsjoite-0001799', 'Kolicite-0000783', 'Mozartite-0001932', 'Pyrophanite-0007448', 'Roeblingite-0000963', 'Ronneburgite-0002672']","29.0,38.0,47.0,62.0,63.0,82.0,115.0,174.0,216.0,219.0,307.0,308.0,309.0,321.0,330.0,368.0,376.0,484.0,499.0,532.0,538.0,557.0,572.0,607.0,620.0,628.0,636.0,668.0,796.0,839.0,885.0,928.0,961.0,992.0,1006.0,1010.0,1011.0,1042.0,1097.0,1101.0,1157.0,1211.0,1273.0,1321.0,1337.0,1341.0,1357.0,1429.0,1490.0,1539.0,1583.0,1590.0"
25,669,MN1O3,spv,0.1619383248040046,0.42569803782006954,"Mineral,Protein","['1cq9', '1cw3', '1d8h', '1hi0', '1ips', '1kgz', '1lev', '1lzi', '1nb6', '1r2m', '1r7y', '1rx3', '1uvi', '1uvl', '1v6n', '1w2d', '1yd3', '1ypp', '2e6h', '2id0', '3gbr', '3n10', '3pif', '3shd', '3ufx', '3un3', '3uny', '4b02', '4cmq', '4e1f', '4gmu', '4gnl', '4m0v', '4nfw', '4nx6', '4rgc', '4wfa', '4z73', '5cov', '8prk', 'Pseudolaueite-0000193', 'Varennesite-0005463']","5.0,36.0,38.0,61.0,62.0,82.0,151.0,218.0,219.0,307.0,309.0,439.0,484.0,499.0,556.0,567.0,607.0,637.0,697.0,721.0,730.0,836.0,1004.0,1042.0,1078.0,1085.0,1092.0,1110.0,1412.0,1492.0,1494.0"
26,674,MN1O4,bva,0.18568211939324042,0.5511587012635242,"Mineral,Protein","['1cw3', '1fsa', '1g0i', '1h7q', '1m0d', '1tl7', '1w2c', '1wbl', '1zjo', '2d3c', '2du1', '2ioc', '2ong', '2pml', '2rix', '3a9s', '3ori', '3rl3', '3rl4', '4dmw', '4ekk', '4gbw', '4mr0', 'Spessartine-0002781']","5.0,38.0,62.0,115.0,175.0,192.0,212.0,276.0,542.0,557.0,567.0,629.0,697.0,1082.0,1331.0"
27,676,MN1O4,pyv,0.16808195770565168,0.505936958190632,"Mineral,Protein","['1a9x', '1c30', '1c3o', '1ce8', '1cw3', '1d8h', '1e24', '1f3x', '1f5a', '1i19', '1imc', '1imd', '1nb6', '1oyy', '1p8p', '1pkn', '1rx8', '1uvj', '1yqn', '2anq', '2au7', '2ban', '2brl', '2d3a', '2d3c', '2j3m', '2ong', '2onh', '2v0s', '2wcx', '2y40', '2yfc', '2z86', '3frx', '3idc', '3ig4', '3mq3', '3n4q', '3pzt', '3qid', '3ss1', '3sxb', '3sxc', '3sxd', '3tr4', '3ufx', '3ujq', '3vnk', '4c2s', '4d69', '4ee1', '4frh', '4lil', '4lr7', '4lr8', '4n83', '4nfv', '4pbu', '4pcl', '4qkd', '4rvy', '4wce', '4wf9', '4wfa', '4wfb', '4x4o', '5c1h', 'Blythite-0008167', 'Fluckite-0012068', 'Hyttsjoite-0001799', 'Mozartite-0001932', 'Schoonerite-0000562', 'Shigaite-0005480', 'Varennesite-0005463']","5.0,15.0,28.0,38.0,39.0,42.0,50.0,62.0,82.0,93.0,151.0,177.0,192.0,210.0,218.0,243.0,299.0,303.0,307.0,391.0,410.0,420.0,488.0,509.0,538.0,567.0,572.0,586.0,618.0,629.0,635.0,640.0,658.0,772.0,946.0,952.0,1030.0,1085.0,1128.0,1164.0,1214.0,1258.0,1275.0,1319.0,1389.0,1492.0,1503.0"
28,677,MN1O4,spl,0.15759124341155506,0.360079767585448,"Mineral,Protein","['1gx6', '1uvi', '1yd2', '2b97', '2fbv', '2gvd', '2vkd', '3ig1', '3k2p', '3lp3', '3sx8', '3tc3', '4gmw', '4gmz', '5c15', '8prk', 'Brandtite-0012042', 'Fairfieldite-0009374', 'Mangangordonite-0014828']","5.0,61.0,63.0,70.0,82.0,218.0,299.0,332.0,421.0,556.0,629.0,1110.0,1223.0,1432.0"
29,679,MN1O5,spy,0.1124055118446279,0.5945824634334594,"Mineral,Protein","['117e', '1a0d', '1a9x', '1c3o', '1cs0', '1dck', '1f1h', '1f52', '1fa0', '1g15', '1gq2', '1gx1', '1gz4', '1mq9', '1mqw', '1pey', '1q0p', '1r89', '1r8c', '1twa', '1twc', '1twg', '1twh', '1uvi', '1uvj', '1uvm', '1yd3', '1ypp', '1zth', '2d3a', '2d3c', '2e6c', '2fbv', '2fc0', '2i0k', '2ojw', '2qc8', '2qf2', '2vhc', '2vkd', '2wcx', '2x6n', '2yes', '2yf3', '2yfc', '3dys', '3fa3', '3frx', '3gbr', '3h8f', '3hmk', '3ke6', '3m0k', '3n25', '3qn1', '3rl3', '3sx7', '3tc3', '3un3', '4dqw', '4e19', '4frd', '4hov', '4lr7', '4mxr', '4nfv', '4nyn', '4xkm', '4y63', '5c36', '5cdr', 'Campigliaite-0000866', 'Davreuxite-0000955', 'Hyttsjoite-0001799', 'Kolicite-0000783', 'Strunzite-0015670']","5.0,28.0,42.0,61.0,63.0,67.0,82.0,88.0,93.0,174.0,177.0,192.0,218.0,219.0,255.0,276.0,299.0,303.0,307.0,324.0,332.0,348.0,388.0,391.0,398.0,406.0,420.0,489.0,576.0,607.0,629.0,656.0,658.0,662.0,772.0,926.0,938.0,997.0,1030.0,1164.0,1377.0,1393.0,1432.0,1488.0,1494.0,1571.0"
30,688,MN1O6,oct,0.14214209530752653,0.59107817468037,"Mineral,Protein","['117e', '1a5v', '1a6q', '1a9x', '1b8a', '1c30', '1c39', '1c3o', '1ce8', '1cpo', '1cs0', '1dck', '1do8', '1e6a', '1e9g', '1ecc', '1f9c', '1fa0', '1foa', '1gq2', '1gx1', '1gx6', '1gz3', '1gz4', '1hhs', '1i19', '1ig1', '1igv', '1imd', '1itw', '1jai', '1jdb', '1jfz', '1jlm', '1jqn', '1kee', '1kgz', '1khb', '1khe', '1ksi', '1m0d', '1m4z', '1m6v', '1mjh', '1mqw', '1muc', '1mvo', '1nr0', '1nu5', '1nvk', '1omz', '1on6', '1on8', '1ono', '1p3d', '1pey', '1pj2', '1pj3', '1pj4', '1qgq', '1qmg', '1s5n', '1t36', '1txo', '1uvj', '1uvm', '1vkm', '1vsf', '1w2z', '1wgi', '1wgj', '1wlj', '1x7w', '1x7x', '1yd0', '1yd2', '1yd3', '1yd4', '1yd5', '1ypp', '1yyd', '1zao', '1zar', '1zp9', '1zth', '2am3', '2am4', '2am5', '2apc', '2au7', '2au8', '2au9', '2bfb', '2bvl', '2bvm', '2civ', '2ciw', '2cix', '2ciy', '2ciz', '2cj0', '2cj1', '2cj2', '2cm1', '2cpo', '2d3a', '2fc0', '2g50', '2gui', '2hr6', '2hzy', '2i0k', '2i6q', '2iaj', '2ido', '2ioc', '2irx', '2j18', '2j19', '2j5m', '2jd1', '2jd2', '2jfs', '2jla', '2jlc', '2jlr', '2jls', '2mnr', '2muc', '2nw8', '2nw9', '2o1h', '2ojw', '2pal', '2phn', '2qb5', '2qc8', '2qey', '2qf2', '2rj0', '2rj5', '2rj9', '2vhc', '2vic', '2vju', '2vkd', '2who', '2whx', '2x6n', '2x7j', '2xi7', '2y1e', '2y1f', '2y1g', '2y41', '2yf3', '3a6v', '3a7j', '3a9r', '3a9s', '3a9t', '3au8', '3dt2', '3dt4', '3dt7', '3dtb', '3dys', '3exe', '3exh', '3fa3', '3fjq', '3fjw', '3frx', '3fxj', '3fxk', '3fxl', '3fxm', '3fxo', '3gbr', '3hmk', '3hyf', '3ioj', '3ke6', '3l24', '3l6b', '3l6r', '3llm', '3m0j', '3m5q', '3moe', '3mof', '3moh', '3muc', '3n25', '3ngf', '3oo0', '3pyz', '3qcz', '3qn1', '3r5u', '3rep', '3rl4', '3rvr', '3rvs', '3srz', '3sx3', '3sxg', '3tmy', '3uct', '3un3', '3un5', '3w42', '3w43', '3w44', '3zt9', '4aic', '4avl', '4awh', '4awk', '4bew', '4czo', '4czp', '4db1', '4edk', '4edr', '4ee1', '4f7i', '4fo7', '4frb', '4fro', '4gij', '4gik', '4gil', '4gim', '4gji', '4gmm', '4gmu', '4gmz', '4gnm', '4gno', '4gnq', '4hqn', '4ima', '4ip7', '4m5q', '4mmy', '4mmz', '4mxr', '4ox2', '4pca', '4pss', '4psy', '4qh9', '4r43', '4ra2', '4raf', '4rag', '4rcv', '4wp8', '4xkm', '4yh5', '4yw9', '4yzg', '4zqq', '5a61', '5a68', '5c15', '5c2f', '5c3d', '5c4e', '5cdm', '5cdn', '5cdo', '5cdp', '5cdr', '5cou', '5cxr', '5er8', '8prk', 'Barysilite-0009300', 'Blythite-0008167', 'Brackebuschite-0005530', 'Carpholite-0014762', 'Chalcophanite-0001204', 'Cianciulliite-0001413', 'Despujolsite-0018458', 'Fluckite-0012068', 'Gravegliaite-0011006', 'Groutellite-0003566', 'Groutite-0013941', 'Harstigite-0010962', 'Hennomartinite-0001769', 'Hodgkinsonite-0015595', 'Hyttsjoite-0001799', 'Johannsenite-0000156', 'Jouravskite-0009362', 'Kastningite-0011083', 'Kolicite-0000783', 'Langbanshyttanite-0018642', 'Laueite-0000140', 'Manganite-0013942', 'Manganosite-0008240', 'Mozartite-0001932', 'Murmanite-0012444', 'Pyrochroite-0011790', 'Pyrolusite-0011760', 'Ramsdellite-0003565', 'Retzian-0000161', 'Rhodochrosite-0009891', 'Roeblingite-0000963', 'Ronneburgite-0002672', 'Ruizite-0019985', 'Shigaite-0005480', 'Sinkankasite-0001744', 'Spiroffite-0005504', 'Stewartite-0000432', 'Trigonite-0015671', 'Tusionite-0005417', 'Varennesite-0005463']","5.0,28.0,38.0,39.0,42.0,61.0,63.0,67.0,70.0,82.0,93.0,109.0,115.0,125.0,127.0,164.0,174.0,177.0,192.0,218.0,219.0,227.0,255.0,276.0,291.0,293.0,299.0,303.0,307.0,330.0,348.0,359.0,378.0,388.0,391.0,406.0,420.0,421.0,422.0,475.0,488.0,489.0,509.0,538.0,557.0,561.0,576.0,577.0,608.0,620.0,625.0,629.0,640.0,652.0,656.0,658.0,671.0,677.0,740.0,753.0,772.0,836.0,928.0,938.0,952.0,957.0,978.0,997.0,1000.0,1004.0,1042.0,1053.0,1065.0,1075.0,1078.0,1089.0,1101.0,1128.0,1146.0,1148.0,1183.0,1211.0,1266.0,1275.0,1276.0,1297.0,1313.0,1377.0,1412.0,1421.0,1469.0,1488.0,1490.0,1494.0,1525.0,1548.0,1578.0,1616.0"
31,713,MO1O2,trv,0.11864512913165322,0.7959173603110089,"Mineral,Protein","['1h9j', '1h9m', '4ndp', 'Kamiokite-0010022', 'Szenicsite-0014535', 'Tugarinovite-0011769']","1140.0,1530.0"
32,721,MO1O4,pyv,0.21213203435596426,0.41012193308819744,"Mineral,Protein","['4hi1', 'Kamiokite-0010022']",505.0
33,722,MO1O4,tet,0.1315894732631916,1.4352450338721343,"Mineral,Protein","['1amf', '1gun', '1guo', '1h9j', '1h9m', '1h9s', '1o7l', '2h5y', '3gzg', '4hi1', 'Lindgrenite-0014795', 'Markascherite-0018649', 'Powellite-0013207', 'Szenicsite-0014535', 'Wulfenite-0014900']","248.0,402.0,505.0,963.0,1140.0"
34,723,MO1O5,tbp,0.04690415759823429,1.0538247798693419,"Mineral,Protein","['4brf', '4bvp', 'Deloryite-0012779']",1384.0
35,724,MO1O6,oct,0.17425715352764018,1.4995143658309291,"Mineral,Protein","['2onr', '3k6w', '3k6x', 'Iriginite-0005691', 'Kamiokite-0010022', 'Sardignaite-0017091', 'Tugarinovite-0011769']",963.0
36,729,MO1S6,tpr,0.16263455967290594,1.2940054095713818,"Mineral,Protein","['3ml1', 'Molybdenite-0011823']",152.0
37,854,NI1O6,oct,0.25573779185294104,0.7815369473031969,"Mineral,Protein","['3kbn', '4inp', '4qdw', '4qe4', '4qee', 'Bunsenite-0011371', 'Gaspeite-0000105', 'Morenosite-0010551', 'Paganoite-0006855', 'Retgersite-0015590', 'Theophrastite-0011791']","777.0,1032.0"
38,860,NI1S2,trv,0.08986859093344925,0.08653953379289092,"Mineral,Protein","['4df0', 'Heazlewoodite-0000575', 'Vaesite-0010990']",1207.0
39,864,NI1S4,pyv,0.12211106056009469,0.1734534839981922,"Mineral,Protein","['1frv', '3cus', '4ci0', '4ud6', '4ue6', 'Violarite-0001000']",41.0
40,865,NI1S4,tet,0.11141941354308822,0.11542880716619021,"Mineral,Protein","['1r0j', '1zvf', '2kkd', 'Heazlewoodite-0000575']","24.0,1600.0"
41,885,V1O4,tet,0.1240383377331964,1.560884817948105,"Mineral,Protein","['1j9l', '1rxs', '1uzi', '1vnh', '2azd', '2d1g', '2hy3', '2qwm', '3f9b', '3gw8', '3p2u', '3q8y', '4dz6', '4usz', '4zi4', '5bzx', 'Alvanite-0014847', 'Blossite-0001075', 'Brackebuschite-0005530', 'Descloizite-0009663', 'Dreyerite-0014769', 'Gurimite-0010708', 'Kombatite-0001661', 'Leningradite-0006144', 'Mottramite-0005468', 'Namibite-0002512', 'Pucherite-0012027', 'Pyrobelonite-0000071', 'Ronneburgite-0002672', 'Schubnelite-0002221', 'Turanite-0005935', 'Vanadinite-0014110', 'Vesignieite-0011973', 'Volborthite-0018666']","117.0,294.0,387.0,473.0,609.0,673.0,715.0,736.0,1058.0,1108.0,1218.0,1265.0,1339.0,1536.0"
42,887,V1O5,tbp,0.1015541922731601,1.0725304598479184,"Mineral,Protein","['1bo6', '1dfl', '1lkx', '1qvi', '1vom', '1yv3', '2d1g', '2gso', '2rbk', '2v26', '3bz7', '3bz8', '3bz9', '3e81', '3mkd', '3myh', '3zwu', '3zx5', '4dbr', '4e7s', '4e7z', '4hgp', 'Curienite-0012133']","184.0,464.0,467.0,750.0,1058.0,1434.0"
43,899,W1O4,tet,0.05551511245456838,3.117713683613128,"Mineral,Protein","['1atg', '1ckj', '1e3p', '1fez', '1fr3', '1gug', '1h9k', '1h9r', '1j9k', '1ohd', '1u7p', '1wod', '1ytw', '1z7m', '2i6m', '2ivo', '2ush', '3f9a', '3h1c', '4ggk', '4rxl', 'Scheelite-0013201', 'Stolzite-0012777']","179.0,248.0,340.0,443.0,581.0,584.0,675.0,749.0,844.0,861.0,907.0,950.0,998.0,1121.0,1179.0,1221.0,1306.0,1314.0,1326.0,1624.0"
44,901,W1O6,oct,0.061839509633603566,0.5443799958937645,"Mineral,Protein","['1i94', '1i95', '1i96', '1i97', '2ons', '3cfx', '3cfz', '3cg1', '3cg3', '3cij', 'Ferberite-0000231', 'Raspite-0009580', 'Tungstite-0005199']","137.0,142.0,179.0,408.0,518.0,791.0,801.0,822.0,897.0,1069.0,1169.0,1304.0,1404.0"
