id, type
4rh1,1
1i94,1
5d8y,1
1jnr,1
3vca,1
2fgo,1
4d6u,1
2y41,1
4z3y,1
3et5,1
Ungemachite-0001035,0
1fqt,1
3h1j,1
1gx1,1
4mr0,1
2gso,1
1m6v,1
1aop,1
1m6p,1
3ot9,1
Stenhuggarite-0009591,0
3i9v,1
3cr9,1
4pcl,1
4nbd,1
5cdr,1
3vmg,1
2v3b,1
3bz9,1
1xdb,1
3rgd,1
2ji1,1
1nzc,1
3aeq,1
2ixl,1
3hwg,1
3i0a,1
2h88,1
2i0k,1
4toh,1
3l9q,1
2nuk,1
Heterogenite-0014459,0
1ofe,1
1zxi,1
3rl3,1
2i6q,1
3tmy,1
1r30,1
3nt0,1
4wzb,1
Chalcostibite-0003673,0
1n60,1
1h0h,1
3bvi,1
1n2c,1
3szu,1
1aqr,1
4ar5,1
2ji2,1
Sternbergite-0014818,0
1h9k,1
4qup,1
3l74,1
3sxb,1
3geo,1
1e9m,1
4juq,1
Beaverite-0014860,0
2wu5,1
4s27,1
4s3b,1
3zf3,1
4uhx,1
2zt9,1
2gbx,1
3nte,1
1wuk,1
8prk,1
4wp8,1
2w55,1
Harstigite-0010962,0
2w69,1
2xmw,1
2whx,1
3etr,1
1lev,1
4eht,1
2qd3,1
1uvm,1
2ciz,1
3fxl,1
4iwj,1
3m5q,1
2r13,1
2yfj,1
4u9h,1
4wcx,1
1e9v,1
3h1h,1
3k6x,1
2qjy,1
2fah,1
Housleyite-0017559,0
4z3z,1
1ulj,1
4cmq,1
5er8,1
1hhs,1
4s38,1
Theophrastite-0011791,0
4lfi,1
1dvb,1
1frv,1
1j7c,1
2x7j,1
4y0h,1
2jck,1
2bfb,1
3myr,1
1oa1,1
1yfy,1
Roeblingite-0000963,0
1i6q,1
3aet,1
1wlj,1
1ucg,1
4frl,1
2lel,1
5bzx,1
Ramsdellite-0003565,0
3dqy,1
3h0r,1
3h8f,1
1i97,1
2d3y,1
Stewartite-0000432,0
4f7i,1
1h7w,1
3foo,1
1kek,1
4zjk,1
Mozartite-0001932,0
1l6v,1
5byq,1
1qt9,1
3li2,1
1fiq,1
1h1l,1
4wfa,1
3tc3,1
1brf,1
3egw,1
1wtf,1
3iam,1
Ransomite-0000203,0
1y6v,1
1o94,1
1b2j,1
3ree,1
3exe,1
3zhx,1
4awh,1
2chr,1
3lzq,1
1q05,1
1uvi,1
3l24,1
5c38,1
1o7g,1
2wp9,1
2brl,1
1h9s,1
1zj2,1
1xer,1
4y6r,1
4iwk,1
3kbn,1
3ze9,1
1itw,1
3fah,1
Iranite-0010340,0
1kg4,1
4x33,1
Carpholite-0014762,0
Wustite-0011314,0
3e84,1
1m1n,1
1l5g,1
Krausite-0001008,0
5aa5,1
1rgv,1
3b0m,1
1fri,1
1hfe,1
4k9f,1
4toa,1
4g87,1
3j16,1
1g1m,1
4fhe,1
1nvk,1
3nbp,1
3fjw,1
4ud2,1
4gmm,1
1mjh,1
1kg6,1
3gyx,1
1ayf,1
1ypp,1
5c4f,1
2jih,1
3cg3,1
2nap,1
1eg9,1
3l70,1
Strunzite-0015670,0
4xiy,1
2wcx,1
1zar,1
4a9v,1
4gfr,1
3rvr,1
1d8h,1
3fxo,1
1cq9,1
1yjt,1
3kyv,1
4tpu,1
1kg7,1
Ojuelaite-0014519,0
1yd0,1
3ir7,1
Phosphosiderite-0012325,0
2xwy,1
1els,1
2phn,1
1xdy,1
1frh,1
1hux,1
1pj4,1
3un5,1
3fhi,1
2ga7,1
3rz6,1
4ur0,1
5c4b,1
5a66,1
3q36,1
4ogc,1
1ohd,1
2gui,1
4nx6,1
1on8,1
1yjv,1
4pgz,1
1kgz,1
4gij,1
1jrp,1
Stromeyerite-0009855,0
4itk,1
2xmt,1
2rdv,1
3n0z,1
3zwu,1
1h9j,1
3b9j,1
3l71,1
Iriginite-0005691,0
1ep1,1
Scheelite-0013201,0
1wyg,1
3rvk,1
3gzg,1
1gww,1
4fhd,1
Lindgrenite-0014795,0
3mmb,1
6gep,1
1p84,1
1a6l,1
3n5n,1
5a4m,1
1o7p,1
3n25,1
2ojw,1
3b52,1
Digenite-0000082,0
3mm7,1
1b13,1
3uqy,1
2e75,1
Molybdenite-0011823,0
Sideronatrite-0020665,0
1ubk,1
1tv7,1
Garavellite-0014648,0
Davreuxite-0000955,0
3a9t,1
2qey,1
4ykh,1
1imc,1
3hco,1
2e7z,1
1lkp,1
1yyd,1
1uvn,1
2hrc,1
5c15,1
3una,1
4k9r,1
3ir6,1
4jye,1
2ciy,1
4wf9,1
2wdr,1
Goethite-0010471,0
2vbm,1
3pza,1
1yqw,1
1wbf,1
3cx5,1
1kqk,1
1siw,1
1nip,1
3f7t,1
4rag,1
2qh7,1
2b76,1
1h2r,1
1llz,1
3zx5,1
2nve,1
1yfw,1
3mmu,1
3ka8,1
4iud,1
4hi1,1
4ngo,1
3cb8,1
4ml5,1
3fm1,1
2jd8,1
4usa,1
4isp,1
4uqp,1
Duftite-0020488,0
1pp9,1
1n5w,1
2zvs,1
1fgg,1
3m8z,1
4ox2,1
3rl4,1
3eub,1
2pvd,1
Bartelkeite-0019471,0
1krh,1
1xlo,1
3vkt,1
3b0h,1
Ashburtonite-0001412,0
Arthurite-0014708,0
7fd1,1
1vcx,1
4e1f,1
3ze6,1
1uzi,1
4f28,1
2oi6,1
Namibite-0002512,0
Helvine-0000973,0
Guildite-0000661,0
4us9,1
5cdo,1
4e7z,1
3tbm,1
3rzt,1
3qhb,1
3t0g,1
4rb4,1
5bxc,1
Spessartine-0002781,0
4nb8,1
5cov,1
3rvs,1
7gep,1
5c1h,1
1pdx,1
1g3o,1
3bcc,1
2uw1,1
1jyb,1
1kqf,1
4zwo,1
Sinkankasite-0001744,0
1jro,1
4wfb,1
4fe1,1
1jb0,1
3cwb,1
4uhw,1
1fo4,1
2pya,1
Tusionite-0005417,0
3moh,1
4s39,1
4njk,1
2j5s,1
1wgi,1
1yfx,1
3lx4,1
4gmz,1
Tungstite-0005199,0
Curienite-0012133,0
3szl,1
5fje,1
Troilite-0009769,0
4ayb,1
3ori,1
2bh2,1
1i19,1
4mjy,1
3mma,1
4dec,1
Ferrocarpholite-0017757,0
3zxs,1
4nbh,1
1jmz,1
2vfz,1
3llm,1
1l0n,1
1upx,1
4db1,1
2wod,1
4ehu,1
3h1k,1
1r7y,1
1ir0,1
1awd,1
4s28,1
4upv,1
3sfd,1
1ckj,1
1oqr,1
1tu4,1
4s3e,1
3tbn,1
1ntm,1
4us8,1
4qdc,1
3git,1
Amakinite-0011783,0
2jir,1
3f9a,1
3h8g,1
1nr0,1
2hr6,1
2n0s,1
1fhh,1
Barysilite-0009300,0
3m8w,1
1m4z,1
Deloryite-0012779,0
1uli,1
3bdj,1
Sidorenkite-0015607,0
2ynm,1
3hcp,1
Pucherite-0012027,0
2c2u,1
2puk,1
2c42,1
Shigaite-0005480,0
1f5c,1
1q0p,1
4s3a,1
3iiz,1
3ax9,1
1a3x,1
Mushistonite-0013333,0
1h9m,1
5d8p,1
2bt6,1
2bj9,1
2fkz,1
1ru3,1
4mdz,1
2d1g,1
3vm0,1
1a0o,1
4rcv,1
1qw0,1
2vsf,1
2h5y,1
3aef,1
3ze7,1
1dfl,1
1z02,1
2ush,1
4iub,1
5dii,1
3mps,1
3szo,1
6fd1,1
2g50,1
1c96,1
4zl5,1
2qd1,1
3iu7,1
3i39,1
1c09,1
4pl1,1
Vaesite-0010990,0
4gji,1
Cavansite-0019718,0
3fm4,1
2jcj,1
1yd4,1
4rzy,1
3sxd,1
Schubnelite-0002221,0
2o01,1
1ffu,1
4p1b,1
3lzr,1
2pyb,1
2ows,1
3fwy,1
Groutellite-0003566,0
1ut5,1
4k36,1
1pc4,1
3a9r,1
1po3,1
Blossite-0001075,0
1muc,1
3a38,1
2min,1
2b24,1
4oo7,1
Pyrobelonite-0000071,0
3nrz,1
4kn9,1
2e6c,1
1r89,1
5a4f,1
Greigite-0000127,0
Spiroffite-0005504,0
4uew,1
5c8r,1
2rar,1
3cus,1
2civ,1
2puo,1
1b0p,1
4wza,1
3mm9,1
1vk2,1
Metakahlerite-0005992,0
4s23,1
3urk,1
3fxm,1
Caledonite-0006294,0
3rbc,1
1b0k,1
3un3,1
Mawbyite-0014531,0
1qgq,1
4rap,1
4ko4,1
1b0t,1
1c97,1
1kz8,1
5c36,1
3crv,1
3w1w,1
1jlk,1
3n0y,1
2why,1
1bcc,1
Paulkellerite-0001191,0
Morenosite-0010551,0
4z3w,1
1uvl,1
3b0g,1
2a06,1
1g6b,1
1rie,1
1l0v,1
4p6v,1
2yiu,1
2b3y,1
3e6s,1
1gte,1
1cw3,1
4lil,1
Aikinite-0009395,0
Turanite-0005935,0
4xpi,1
3b0l,1
Kombatite-0001661,0
4n58,1
2c9p,1
2zad,1
3f9b,1
4gil,1
3uv7,1
2qd4,1
Murmanite-0012444,0
Tenorite-0011639,0
1yrq,1
1gx7,1
Mangangordonite-0014828,0
1atg,1
1ui1,1
4d6t,1
1xd9,1
4k39,1
4yry,1
Joteite-0019980,0
4udx,1
2km0,1
Chalcomenite-0019225,0
4qur,1
3h3x,1
3p1m,1
1e0z,1
2num,1
2qd0,1
4zmc,1
4g3s,1
2jim,1
2vkr,1
4u9n,1
1vnh,1
1mq9,1
3cfz,1
1h2a,1
Ronneburgite-0002672,0
4n7b,1
Kastningite-0011083,0
3az6,1
3uof,1
3m0k,1
4ue2,1
1fdi,1
1lby,1
1rfs,1
1ncy,1
5c4i,1
2vic,1
3w42,1
1g15,1
4g2c,1
1j9l,1
2ic3,1
3en1,1
1wef,1
Bismutoferrite-0015576,0
1f9c,1
4upe,1
5a68,1
3qvd,1
1w9m,1
4emj,1
1lzi,1
3sfe,1
1ytw,1
3h1l,1
1xd8,1
1hlq,1
4g9p,1
3w45,1
3h1c,1
3vmi,1
4gbv,1
2y40,1
1gug,1
1vzi,1
4itw,1
Magnesiocoulsonite-0015787,0
3q2v,1
Despujolsite-0018458,0
3r2l,1
2pvg,1
2jdz,1
3ke8,1
Vandenbrandeite-0012336,0
4w8y,1
2bb7,1
3zez,1
1o7m,1
3ka6,1
3tal,1
Nissonite-0001329,0
4ngk,1
Manganosite-0008240,0
1w2z,1
4aic,1
1qlb,1
4y67,1
4raf,1
1n61,1
4u0p,1
Tienshanite-0005580,0
4toc,1
3ktc,1
1yji,1
3av8,1
3p4q,1
4c7z,1
4s25,1
5frt,1
1xlq,1
Strontio-orthojoaquinite-0014113,0
2vpz,1
3a6v,1
Segelerite-0000583,0
2v4j,1
4ucq,1
1b71,1
4nbf,1
3mkd,1
3ig1,1
Groutite-0013941,0
3r5u,1
4y63,1
1htq,1
3o3m,1
2pda,1
4f4d,1
Brunogeierite-0014558,0
1uux,1
3vlx,1
3hrd,1
4usz,1
4dqw,1
2gw4,1
1kmp,1
3mx6,1
4njh,1
3fa3,1
4rqo,1
3r3l,1
Retzian-0000161,0
4lrf,1
4ba9,1
2hzy,1
4psy,1
3gl2,1
2bvl,1
2yaj,1
3qn1,1
3idc,1
4ltu,1
3gl0,1
3tr8,1
Wilhelmkleinite-0011085,0
3aek,1
5fpu,1
3p4p,1
1z01,1
4unf,1
4f2c,1
Vesignieite-0011973,0
1sqb,1
3egm,1
4fxc,1
4nbb,1
4e7s,1
1blu,1
1weg,1
2i34,1
5c1l,1
1rb9,1
3vm1,1
3h1i,1
4xdd,1
2okn,1
4b02,1
Briartite-0014274,0
4c3o,1
1f37,1
1llw,1
1z7m,1
1jnz,1
1n63,1
1gt8,1
3ka4,1
1wuj,1
3lzd,1
1i7h,1
5cx1,1
2auv,1
2qjp,1
4jyd,1
4s26,1
3bvf,1
1p8p,1
1e24,1
1twf,1
4a8r,1
3pcq,1
2afi,1
Pyrolusite-0011760,0
1doy,1
4ra2,1
4eia,1
4mmy,1
1d3w,1
1yk5,1
2vpx,1
4knw,1
5a67,1
4itt,1
2ji3,1
1ryt,1
1oyw,1
Wooldridgeite-0005593,0
2xmk,1
1dax,1
Ferberite-0000231,0
1e3p,1
4ucx,1
1e2u,1
1e3d,1
1x7y,1
3wpm,1
4bvp,1
1rju,1
4u9i,1
3kn8,1
1sq3,1
1mjg,1
1h98,1
3zyv,1
Hennomartinite-0001769,0
Ferrotychite-0012463,0
3vkq,1
1x7w,1
2bwx,1
3eun,1
3gw8,1
1o7q,1
Marcasite-0000008,0
4mxr,1
1frl,1
2fbv,1
1fez,1
1fdn,1
4rkm,1
3rva,1
Gudmundite-0000020,0
2rj5,1
Boleite-0005684,0
2hy3,1
1ubu,1
2wu2,1
4mv5,1
5a3p,1
2qpz,1
3ioj,1
Blythite-0008167,0
1k0t,1
4kx6,1
6fdr,1
4ur1,1
1wsg,1
2vju,1
1dur,1
1kg5,1
1zj9,1
1zle,1
4yrw,1
1smw,1
4m7s,1
4ud6,1
3kel,1
2qc8,1
2o68,1
Wulfenite-0014900,0
3kyx,1
3fjq,1
1yd2,1
3rvq,1
1yv3,1
1muy,1
2v0s,1
1fxa,1
2v45,1
3c8y,1
2vkd,1
2hml,1
3wnj,1
1o9r,1
4d4p,1
3ioi,1
1jq4,1
3re7,1
2hmo,1
4e1d,1
Chalcophanite-0001204,0
Gladite-0006075,0
Rruffite-0018388,0
4nbe,1
1t3q,1
1wei,1
5aop,1
3psn,1
5c47,1
2kkd,1
3zhy,1
1p8r,1
1jjc,1
1ftc,1
3g3r,1
1ntk,1
4lr8,1
3uv3,1
4fhc,1
2ivo,1
1x71,1
1zjo,1
1qoa,1
4awk,1
1fsa,1
1wgj,1
3amz,1
Parabutlerite-0012131,0
2fje,1
1loa,1
1zp9,1
2bws,1
2yes,1
1w2d,1
2ycm,1
1vjw,1
Dreyerite-0014769,0
1aqs,1
3kem,1
Sengierite-0012070,0
4nji,1
3lhs,1
1gnt,1
2woe,1
2glk,1
2b97,1
5d6s,1
1g20,1
2irx,1
3ng0,1
1g8o,1
4yzg,1
4edg,1
4tzb,1
Seligmannite-0010715,0
2i7f,1
2uza,1
1su8,1
3muc,1
1aor,1
2ban,1
5c3d,1
1gun,1
1bys,1
Papagoite-0014616,0
2o1h,1
Varennesite-0005463,0
3orl,1
1b0y,1
1bgy,1
1put,1
2qjk,1
4id8,1
1yq3,1
1rx2,1
1o7w,1
2yjk,1
1e6a,1
3d31,1
1ppj,1
1b2o,1
4kt0,1
2yfc,1
4ip7,1
2wb1,1
Carminite-0014520,0
1vzt,1
1oa0,1
1xcp,1
3i0f,1
4r0v,1
2v0h,1
2fjc,1
4yty,1
4s3c,1
3zea,1
3uct,1
2xdq,1
Cubanite-0001533,0
2vos,1
2mnr,1
2qvw,1
4ur2,1
1b0m,1
1g5p,1
2nvf,1
1igv,1
1q90,1
2pml,1
3sbp,1
1dj7,1
4ar6,1
3rvo,1
3au8,1
3tr4,1
3d89,1
1j53,1
4me4,1
3sxc,1
2aop,1
Goldichite-0000264,0
Lenaite-0006082,0
1rx8,1
1gz4,1
Plumbojarosite-0005207,0
4njj,1
3x1f,1
4rr2,1
1yux,1
Birchite-0004585,0
Coulsonite-0015774,0
3tbo,1
2bwv,1
2wke,1
1bwe,1
4zkh,1
2a8w,1
4qdw,1
2bww,1
3rhc,1
1y5i,1
4gep,1
4quq,1
2xsj,1
4rvy,1
Alvanite-0014847,0
3sbq,1
2dsx,1
3a05,1
Brandtite-0012042,0
1qob,1
1cje,1
1f5a,1
4gmu,1
2bvm,1
1zth,1
1e9g,1
1l5p,1
1uiv,1
3mfu,1
3uxi,1
Litidionite-0000464,0
Murdochite-0009907,0
4y6p,1
Liroconite-0010249,0
2h89,1
1m34,1
1hv9,1
3zi0,1
2w3s,1
1wsf,1
4zkw,1
Jouravskite-0009362,0
Clinochalcomenite-0018480,0
2nvg,1
1p3d,1
1zp0,1
3ir5,1
1lwd,1
2jfr,1
3mq3,1
1fgh,1
Covellite-0015657,0
4zk8,1
1muw,1
2dti,1
Wherryite-0005365,0
4ar4,1
2q96,1
4lre,1
Langbanshyttanite-0018642,0
Kusachiite-0012142,0
1ntz,1
2gvd,1
4omf,1
1h7x,1
3lgb,1
1mun,1
3dt2,1
1ogy,1
1r0j,1
5h8w,1
3mof,1
2vor,1
3n10,1
1a0c,1
1khe,1
2d2c,1
3azc,1
5c3b,1
2fug,1
5c49,1
1smu,1
3pif,1
3qb9,1
1dgj,1
3ryg,1
3ss2,1
2evc,1
2yfi,1
8gep,1
3fkg,1
2de5,1
1b9r,1
2mje,1
1fp6,1
2y0s,1
4zby,1
1e6e,1
1tk6,1
3am9,1
Hedenbergite-0001861,0
4a25,1
4nfw,1
3bvq,1
Pyrochroite-0011790,0
2j5m,1
1eyt,1
1nu1,1
4avl,1
1r27,1
5c2f,1
1fxr,1
3exh,1
4ytz,1
3s2q,1
4klr,1
4urh,1
1qh8,1
Krupkaite-0014750,0
Stranskiite-0010699,0
4amf,1
4jka,1
4x4o,1
1cpo,1
Pentagonite-0019265,0
1c4c,1
2ons,1
1ewy,1
Laueite-0000140,0
Callaghanite-0000388,0
4aay,1
2qb0,1
1j54,1
3ig4,1
Schafarzikite-0015656,0
Hodgkinsonite-0015595,0
4hqn,1
4o02,1
1roe,1
1t9o,1
1amf,1
3gnx,1
3dnf,1
2xmu,1
2vgi,1
3ujq,1
4ylf,1
2xv1,1
2who,1
5bvg,1
4xk8,1
4fhg,1
1vzx,1
1y5n,1
2y1e,1
4mn9,1
1lko,1
3pwf,1
1jai,1
2nw9,1
4gno,1
4zoh,1
3bvk,1
1mqw,1
1f52,1
4c2s,1
2ht9,1
1khw,1
4uqu,1
3nvw,1
4czo,1
1x7x,1
Paravauxite-0014737,0
1lm1,1
4bul,1
3n4a,1
1tl7,1
1b25,1
2c3u,1
2ong,1
2qb5,1
Marthozite-0005722,0
3ns1,1
4alf,1
1y5l,1
1omz,1
Johannite-0015685,0
3min,1
1khb,1
1l9g,1
3cij,1
4y28,1
1sqq,1
Hydroniumjarosite-0008878,0
3oo0,1
2a8u,1
1ubl,1
4c80,1
2bmr,1
1iro,1
1c30,1
2x6n,1
2pu9,1
2onh,1
2be2,1
3ks5,1
1gnl,1
1l5j,1
3vks,1
4gnq,1
4ueq,1
3srz,1
1yv1,1
1cw4,1
1gz3,1
3zf2,1
4u0o,1
Danalite-0005895,0
Chalcopyrite-0018622,0
2gu7,1
4czp,1
1vlb,1
2a5h,1
3sxe,1
Conichalcite-0010485,0
1ubj,1
1gx6,1
2ivf,1
1vsf,1
3pni,1
2y8n,1
1kfy,1
2jio,1
4e19,1
2ws3,1
4r43,1
Phosphophyllite-0000588,0
Yavapaiite-0000295,0
Haradaite-0014413,0
2rsq,1
1kqg,1
3vkp,1
4mcw,1
4tkv,1
5exd,1
3ayz,1
2a8p,1
Rodalquilarite-0009361,0
3rgt,1
2iaj,1
2apc,1
1e7p,1
3cf4,1
3or2,1
Markascherite-0018649,0
2azd,1
Henmilite-0001050,0
1r80,1
2cj1,1
3usc,1
Agaite-0019782,0
Butlerite-0000232,0
Pinalite-0002460,0
1ekj,1
2b3x,1
4hsl,1
4fhf,1
4nba,1
4zbx,1
1dfd,1
1twc,1
4kl8,1
Rasvumite-0000782,0
4d69,1
3gkq,1
5b0z,1
2ciw,1
1foa,1
4pst,1
3bz8,1
2cpo,1
2po7,1
Scorodite-0018660,0
1ui0,1
1qvs,1
2q95,1
3ke6,1
2muc,1
3exy,1
3zyy,1
Brackebuschite-0005530,0
2w3r,1
1gq2,1
5h8c,1
1o7h,1
1su7,1
1dfx,1
2y1f,1
4hgp,1
3k6w,1
2wtl,1
1ips,1
1c3o,1
2abk,1
3vmh,1
4zkx,1
1gx0,1
4qh9,1
3b0n,1
4a8l,1
1h7q,1
Fairfieldite-0009374,0
2yfl,1
2wqy,1
1e10,1
1feh,1
4dmw,1
3zf6,1
3hkz,1
5gep,1
3a04,1
5c3a,1
1ubr,1
2y4l,1
1i95,1
3lw5,1
2bcc,1
1sj1,1
Powellite-0013207,0
1bo6,1
1yfu,1
1txo,1
4ixk,1
Schoonerite-0000562,0
1b0v,1
Hentschelite-0010052,0
2vpy,1
3fc4,1
Corkite-0014810,0
4qkd,1
5fpv,1
1hi0,1
1be3,1
2hu9,1
3lxf,1
Leningradite-0006144,0
2yiv,1
1sqp,1
4c7y,1
Pyrophanite-0007448,0
1r8c,1
2c3y,1
Bornite-0003822,0
4xdc,1
4mmx,1
1sof,1
1l6m,1
4ue6,1
1rfk,1
1ea0,1
1ep2,1
2fla,1
Siderite-0000101,0
2q94,1
4zwu,1
1olt,1
4rku,1
2au7,1
1t9q,1
1pj3,1
3p63,1
3uwm,1
1jfz,1
4kmm,1
4wes,1
3hcn,1
3cmp,1
1c4a,1
3taz,1
2y1v,1
3sx7,1
2ibz,1
3mm5,1
5cdp,1
Linarite-0006293,0
1yd3,1
1siz,1
2j3m,1
4nbc,1
3a7j,1
2ybb,1
5cdn,1
1dck,1
1f1h,1
Volborthite-0018666,0
1ro6,1
4rgc,1
3a39,1
2boq,1
3o3n,1
3mmc,1
Miharaite-0012478,0
1l0l,1
2wci,1
1uwv,1
Pyrite-0000605,0
1qyb,1
4jyf,1
1onp,1
4nyn,1
3mr1,1
4rh0,1
1pkn,1
Cuprite-0007351,0
3iix,1
1s5m,1
4g3q,1
4gik,1
3lpq,1
1lzj,1
3qcz,1
3fnv,1
1ohw,1
4jxc,1
1twa,1
2v2k,1
Erdite-0000785,0
2c3o,1
1nb6,1
4uql,1
2fjb,1
Gaspeite-0000105,0
4tku,1
4ggk,1
4h44,1
1mud,1
1si1,1
1f3w,1
1gn8,1
Metazeunerite-0005833,0
1zj8,1
Bunsenite-0011371,0
Scottyite-0010169,0
2j19,1
3l4p,1
1j7b,1
1lkm,1
1g8j,1
4pss,1
1q16,1
1mr2,1
4frb,1
1i96,1
2xrx,1
3lp3,1
2jla,1
Carrollite-0013181,0
1yuz,1
1g0i,1
1wod,1
Djerfisherite-0006153,0
3gke,1
4edk,1
1rx3,1
2afh,1
1nyk,1
4mk4,1
4neb,1
4ar3,1
3hcr,1
3shd,1
2z1d,1
3ka9,1
3h7j,1
4ee1,1
2qb7,1
3w44,1
4uq8,1
2chu,1
2jqr,1
3uni,1
Violarite-0001000,0
3utd,1
Sulvanite-0000146,0
1ubt,1
4pl2,1
1s6u,1
1b4n,1
4ezf,1
1do8,1
2qif,1
1tko,1
3sx3,1
5cxr,1
2fk3,1
Mottramite-0005468,0
3q7c,1
Stottite-0019858,0
3fou,1
Raspite-0009580,0
Delafossite-0000018,0
2jlc,1
2woc,1
4dtl,1
1m2a,1
4yw9,1
2jiq,1
Fluckite-0012068,0
3b51,1
Jacquesdietrichite-0007064,0
3mm6,1
Nikischerite-0005826,0
1r7s,1
1ce8,1
1kws,1
4kqb,1
3gbr,1
1iu5,1
2wdv,1
Chenite-0015326,0
1s5n,1
3cu0,1
2rj1,1
1uuw,1
1aa6,1
4e1h,1
1yk4,1
Campigliaite-0000866,0
2mjd,1
3cir,1
1a5v,1
3vcp,1
1wql,1
1m2d,1
Effenbergerite-0018763,0
1uuv,1
1vdv,1
1uvj,1
4zlw,1
3aes,1
Diaboleite-0005469,0
4pkf,1
1l5h,1
2ioc,1
Anapaite-0012067,0
4g39,1
2v3v,1
1j9k,1
1bq9,1
4iuc,1
2e3t,1
4jy8,1
4k6r,1
1a0d,1
4m0v,1
1h9p,1
1on6,1
2c2f,1
3utc,1
5a3n,1
3nvz,1
4dnr,1
Sardignaite-0017091,0
4qee,1
3odb,1
Stibivanite-0005232,0
1bq8,1
1k0v,1
4ndp,1
2xi7,1
2pia,1
Heazlewoodite-0000575,0
2qwm,1
Metasideronatrite-0005014,0
2xsh,1
1o6k,1
1noe,1
3dt4,1
3fxk,1
1fdo,1
2d3a,1
1r2m,1
2fb3,1
Manganite-0013942,0
2zyl,1
3i0g,1
4mmz,1
1gx5,1
4gjj,1
3eqq,1
5bwe,1
1gph,1
2ckj,1
4fo7,1
1s30,1
1jdb,1
2ams,1
7fdr,1
3frx,1
1qmg,1
3x1e,1
2fyn,1
2am4,1
3hip,1
3rfa,1
4hov,1
5c4d,1
Urusovite-0012367,0
4s00,1
2pnj,1
1wbl,1
1o95,1
4wyl,1
4lr7,1
3u0d,1
1ffv,1
4ogq,1
1m1x,1
2c3m,1
Chapmanite-0015317,0
Strengite-0012324,0
1qvi,1
4mux,1
2wdq,1
Felbertalite-0006838,0
2hmm,1
1fhm,1
3sao,1
Ilmenite-0000925,0
3noy,1
2am5,1
1vkm,1
4z73,1
4zbz,1
3dys,1
4dz6,1
2jd7,1
3hwf,1
2g36,1
1mio,1
2pa8,1
4qck,1
3b2f,1
Retgersite-0015590,0
4wce,1
1ksi,1
Penobsquisite-0005500,0
Schwertmannite-0018670,0
1y4z,1
3vyr,1
3ngf,1
4udy,1
4klc,1
Paganoite-0006855,0
3ml1,1
1n5x,1
4ov1,1
1ohy,1
3n4q,1
1w77,1
2b7j,1
1oyy,1
1yqn,1
Stolzite-0012777,0
4a9x,1
3o3o,1
1e1d,1
4xkm,1
2gvz,1
5bvh,1
1kg2,1
2cix,1
2nw8,1
2cj0,1
3fxj,1
4bew,1
5adu,1
2dds,1
3k7r,1
1mvo,1
4ybn,1
1f3x,1
Vanadinite-0014110,0
1gth,1
1kea,1
4lyu,1
3l7g,1
1sb3,1
3or1,1
1a70,1
3h9a,1
3uny,1
4yh5,1
1frf,1
2ygk,1
Johannsenite-0000156,0
1su6,1
4qe4,1
2jip,1
2y1g,1
3moe,1
1x0g,1
4gim,1
4n59,1
3olx,1
3rf9,1
5c48,1
1vck,1
3tlk,1
2bs4,1
2fjd,1
1dox,1
1cad,1
Trippkeite-0015655,0
2yc5,1
3pdi,1
3d34,1
1v83,1
4d4o,1
2d3c,1
1lof,1
1cw1,1
3pyz,1
3hui,1
Khaidarkanite-0019201,0
2frv,1
1pj2,1
1vm9,1
4m0x,1
1b0j,1
1uuy,1
1xln,1
2xuz,1
1pfd,1
4v0j,1
1xlp,1
1doi,1
5cou,1
2uve,1
2p9a,1
2ga2,1
1o7o,1
1m1y,1
1cs0,1
4gnm,1
2jfs,1
5cdm,1
1tkp,1
4ysw,1
1ofd,1
1uwm,1
1wri,1
4p1c,1
3ah7,1
4pbu,1
4nbg,1
3mm8,1
2mh7,1
5a61,1
1v84,1
2j4j,1
1qh1,1
3vnk,1
3rep,1
1v6n,1
1up6,1
1m2b,1
2z86,1
4oyn,1
2ga0,1
4kla,1
1iue,1
1ubm,1
Torbernite-0005830,0
1iqz,1
1vei,1
1qmo,1
1frj,1
2jlr,1
5eaw,1
4m5q,1
1f5b,1
2b1x,1
2pal,1
2xmj,1
5c1g,1
3hmk,1
3fgo,1
2gmj,1
4frp,1
1oqq,1
Krohnkite-0009535,0
Zeunerite-0005831,0
2e6h,1
1g21,1
1suf,1
4k38,1
3rla,1
2qd5,1
1iu6,1
3sbr,1
4n83,1
4g3p,1
3aqi,1
5byr,1
4a6v,1
Cianciulliite-0001413,0
1smm,1
4yvz,1
1fp4,1
4m7t,1
4dja,1
1rm6,1
2iry,1
4ucw,1
3zr9,1
2hmj,1
1f2g,1
3u7q,1
1bd6,1
Lepidocrocite-0011833,0
Lithidionite-0000464,0
1jqk,1
2xso,1
1twg,1
2xcs,1
4g38,1
3b53,1
2j18,1
3l6b,1
2rj0,1
Chloroxiphite-0014466,0
2gmh,1
3myh,1
2jd1,1
2xr8,1
1frd,1
2po5,1
3o5a,1
3aeu,1
1kf6,1
Haydeeite-0009948,0
1t9p,1
3unc,1
3zgg,1
Radovanite-0012037,0
4lpn,1
2hmn,1
4rzz,1
3k1a,1
1frk,1
4eb3,1
3ayx,1
3kyu,1
Magnetite-0007418,0
1vzu,1
1imd,1
Kamiokite-0010022,0
2q92,1
4zwp,1
1cnz,1
3w5u,1
2o6a,1
1pey,1
3q8y,1
4brf,1
3sxa,1
3gce,1
1czp,1
4ko3,1
4x3s,1
4njg,1
Cuprosklodowskite-0000461,0
1sqv,1
1ubo,1
Ominelite-0004355,0
3fmu,1
Jarosite-0014420,0
1fpy,1
1vom,1
2iv2,1
4ras,1
Dioptase-0008642,0
5bys,1
1ecc,1
Bournonite-0010713,0
1ndo,1
2cm1,1
3vkr,1
2vhc,1
2e7p,1
Sewardite-0005788,0
Gravegliaite-0011006,0
2w54,1
1lkx,1
1fr3,1
3sxg,1
4zi4,1
2brk,1
3ke9,1
4gnp,1
Bonshtedtite-0020683,0
3use,1
1vha,1
4s01,1
3kef,1
3kn7,1
2glj,1
4mv0,1
2waq,1
Rhodochrosite-0009891,0
1wul,1
3sx8,1
3an1,1
3m9s,1
1yw9,1
3nvv,1
2cj2,1
4pca,1
2qh1,1
2au9,1
1kg3,1
4inp,1
1phk,1
3idb,1
4z40,1
Metamunirite-0009802,0
1rdv,1
1tv8,1
1j7a,1
1u7p,1
Catamarcaite-0006132,0
4rc6,1
2onr,1
2y0f,1
1n62,1
4m32,1
4df0,1
4ngl,1
1cc1,1
3l6r,1
3cur,1
1sij,1
1zao,1
1off,1
1kee,1
2y1d,1
3qvz,1
1t36,1
3ufx,1
3c8f,1
4hvo,1
3zgl,1
4rxl,1
2hr5,1
1c39,1
1nu5,1
1jqf,1
1bc6,1
2rj9,1
2rbk,1
Natrojarosite-0020119,0
3hyf,1
4h0l,1
1rof,1
Leisingite-0005525,0
1m0d,1
1djq,1
4wn9,1
3l72,1
4y6s,1
2gep,1
2du1,1
3aer,1
3dt7,1
2pvo,1
1z03,1
Pseudolaueite-0000193,0
Trigonite-0015671,0
4cvp,1
2hmk,1
3cfx,1
2c3p,1
3wae,1
4ry5,1
3h31,1
2e6b,1
2goy,1
3t0f,1
1axq,1
5hl4,1
Daomanite-0019982,0
1ff2,1
4muy,1
1v97,1
2id0,1
2xmm,1
3gzy,1
1wui,1
3e81,1
2qd2,1
3by0,1
3tyh,1
1tjo,1
Emplectite-0003674,0
4frd,1
3zgn,1
1bqx,1
4mig,1
5ero,1
1ino,1
1guo,1
3cxh,1
2hre,1
2vpw,1
3ew0,1
1k1e,1
2rix,1
3ab5,1
2fc0,1
3kyy,1
3x1g,1
2rj8,1
3n0q,1
4toe,1
4zqq,1
1g8k,1
1twh,1
1wuh,1
Cuproiridsite-0014173,0
3s2r,1
3vly,1
2jd2,1
4aop,1
Calderite-0018998,0
4ooa,1
Fibroferrite-0015680,0
3ciw,1
Gurimite-0010708,0
5c4e,1
Lisiguangite-0011980,0
1js2,1
2rj4,1
4xwt,1
3d27,1
1ono,1
5ffi,1
2vgb,1
1b8a,1
4dbr,1
3bvl,1
1w47,1
Frankhawthorneite-0005433,0
1ig1,1
3pzt,1
1e08,1
1jlm,1
3uva,1
4ttt,1
1zvf,1
2q93,1
3m0j,1
4r34,1
1de0,1
2gbw,1
3cg1,1
1jqn,1
4a15,1
2jls,1
1gwv,1
4hea,1
2vs5,1
2tmd,1
1lgc,1
Hematite-0000143,0
4rtb,1
3p2u,1
117e,1
4gnl,1
3v0q,1
4reu,1
1qof,1
4gmw,1
2wlb,1
4zl6,1
1ubh,1
5fpl,1
4a8i,1
2bmq,1
3a6u,1
3bz7,1
2v26,1
2ckf,1
2jh3,1
1hrk,1
3b2g,1
4fo8,1
1pc5,1
1wse,1
4ko2,1
1dyt,1
5exe,1
4frh,1
Hyttsjoite-0001799,0
2e4p,1
Picotpaulite-0011971,0
3l6c,1
3w5v,1
Stannite-0010546,0
4k37,1
3t7v,1
5aui,1
4nb9,1
4wqm,1
3aop,1
4nd8,1
4gbw,1
4crm,1
3l75,1
3a9s,1
3gcf,1
4nx7,1
2nya,1
4ndr,1
3ax7,1
4z3x,1
Kirchheimerite-0005982,0
2de7,1
1w2c,1
3dtb,1
1fa0,1
1ao0,1
1ep3,1
1l6u,1
1ww9,1
2ido,1
3cix,1
2gnm,1
3zt9,1
1n1q,1
3mi1,1
Szenicsite-0014535,0
2wul,1
Arsenopyrite-0019195,0
1gao,1
1rxs,1
2evm,1
Gillespite-0000897,0
2de6,1
2wpn,1
2au8,1
3l73,1
1xnz,1
1yq9,1
4l2n,1
2bs2,1
1ps9,1
5a4i,1
3ctz,1
Cuprokalininite-0018335,0
3qid,1
1sqx,1
2yf3,1
1a9x,1
Roubaultite-0010005,0
3p4s,1
2y7a,1
1yjj,1
Spherocobaltite-0000104,0
4ur3,1
2au6,1
1o7l,1
2am3,1
1wl9,1
1h9r,1
Berthierite-0019205,0
3kss,1
2fb2,1
4ekk,1
2anq,1
3uv6,1
2wgz,1
1djn,1
Turquoise-0010612,0
1frm,1
1frx,1
Metakirchheimerite-0005993,0
3ss1,1
4ima,1
2qf2,1
1zoy,1
2bs3,1
1o6l,1
1ohv,1
1qgu,1
3ias,1
3zgf,1
2vdc,1
Descloizite-0009663,0
4ci0,1
2yye,1
1yq4,1
2xmv,1
1iua,1
1caa,1
1yd5,1
2i6m,1
2e4q,1
1m35,1
3vr8,1
2fyu,1
1q79,1
3w43,1
4f1e,1
3k30,1
4ko1,1
1k4v,1
2y5c,1
Tugarinovite-0011769,0
3hwe,1
2e76,1
2fbw,1
1dxg,1
2akj,1
3b0j,1
4l6v,1
4nfv,1
2nwf,1
Ruizite-0019985,0
4y0d,1
2bmo,1
2e1q,1
4uob,1
3mwt,1
1bxr,1
3p4r,1
2wsc,1
4edr,1
3nvy,1
Spertiniite-0010212,0
Jamesonite-0015519,0
2rj7,1
3wcq,1
2fja,1
1vf5,1
3vlz,1
1a6q,1
1oqu,1
4r33,1
2nip,1
4fro,1
1rrk,1
3ze8,1
3hw6,1
4a8n,1
3fm6,1
2ano,1
3k2p,1
4jy9,1
Kolicite-0000783,0
1kqj,1
1s2z,1
3gzx,1
1gn9,1
1fvs,1
1qog,1
Aubertite-0009692,0
4hv6,1
